App Name,App Id,Platform,Keyword,Store Domain,Store,Note,Last Update,Ranking,Change,Popularity,Difficulty,Apps in Ranking
Chrono Countdown,6743369111,iphone,calendar event tracker,us,ğŸ‡ºğŸ‡¸ US,,2025-10-17 00:47:18 +0000,163,0,5,52,202
Chrono Countdown,6743369111,iphone,deadline management,us,ğŸ‡ºğŸ‡¸ US,,2025-10-17 00:47:21 +0000,1000,0,5,33,221
Chrono Countdown,6743369111,iphone,calendar birthday tracker,us,ğŸ‡ºğŸ‡¸ US,,2025-10-17 00:47:22 +0000,1000,0,5,49,202
Chrono Countdown,6743369111,iphone,reminder for deadlines,us,ğŸ‡ºğŸ‡¸ US,,2025-10-17 00:47:24 +0000,1000,0,5,48,218
Chrono Countdown,6743369111,iphone,event countdown free,us,ğŸ‡ºğŸ‡¸ US,,2025-10-17 00:47:26 +0000,147,0,18,54,233
Chrono Countdown,6743369111,iphone,monthly countdown,us,ğŸ‡ºğŸ‡¸ US,,2025-10-17 00:47:27 +0000,1000,0,5,54,218
Chrono Countdown,6743369111,iphone,free birthday countdown,us,ğŸ‡ºğŸ‡¸ US,,2025-10-17 00:47:28 +0000,1000,0,5,54,244
Chrono Countdown,6743369111,iphone,holiday countdown free,us,ğŸ‡ºğŸ‡¸ US,,2025-10-17 00:47:30 +0000,1000,0,5,55,226
Chrono Countdown,6743369111,iphone,custom event countdown up to the big day,us,ğŸ‡ºğŸ‡¸ US,,2025-10-17 00:47:31 +0000,174,0,5,52,199
Chrono Countdown,6743369111,iphone,count down calendar,us,ğŸ‡ºğŸ‡¸ US,,2025-10-17 00:47:32 +0000,176,0,5,55,222
Chrono Countdown,6743369111,iphone,countdown ai,us,ğŸ‡ºğŸ‡¸ US,,2025-10-17 00:47:34 +0000,1000,0,5,53,218
Chrono Countdown,6743369111,iphone,interactive countdown,us,ğŸ‡ºğŸ‡¸ US,,2025-10-17 00:47:36 +0000,1000,0,5,53,211
Chrono Countdown,6743369111,iphone,goal countdown,us,ğŸ‡ºğŸ‡¸ US,,2025-10-17 00:47:37 +0000,1000,0,5,55,216
Chrono Countdown,6743369111,iphone,event countdown app,us,ğŸ‡ºğŸ‡¸ US,,2025-10-17 00:47:38 +0000,96,0,5,55,211
Chrono Countdown,6743369111,iphone,custom countdown,us,ğŸ‡ºğŸ‡¸ US,,2025-10-17 00:47:40 +0000,1000,0,5,55,217
Chrono Countdown,6743369111,iphone,pro countdown,us,ğŸ‡ºğŸ‡¸ US,,2025-10-17 00:47:41 +0000,1000,0,5,53,205
Chrono Countdown,6743369111,iphone,calendar for birth day,us,ğŸ‡ºğŸ‡¸ US,,2025-10-17 00:47:43 +0000,1000,0,5,78,195
Chrono Countdown,6743369111,iphone,event countdown clock,us,ğŸ‡ºğŸ‡¸ US,,2025-10-17 00:47:44 +0000,147,0,5,54,198
Chrono Countdown,6743369111,iphone,countdown: date tracker,us,ğŸ‡ºğŸ‡¸ US,,2025-10-17 00:47:45 +0000,1000,0,5,67,227
Chrono Countdown,6743369111,iphone,month countdown,us,ğŸ‡ºğŸ‡¸ US,,2025-10-17 00:47:47 +0000,1000,0,5,55,219
Chrono Countdown,6743369111,iphone,countdown for kids,us,ğŸ‡ºğŸ‡¸ US,,2025-10-17 00:47:48 +0000,1000,0,5,53,193
Chrono Countdown,6743369111,iphone,countdown event,us,ğŸ‡ºğŸ‡¸ US,,2025-10-17 00:47:49 +0000,98,0,5,55,205
Chrono Countdown,6743369111,iphone,count up timer from past birthdays to upcoming,us,ğŸ‡ºğŸ‡¸ US,,2025-10-17 00:47:51 +0000,133,0,5,50,219
Chrono Countdown,6743369111,iphone,chrono,us,ğŸ‡ºğŸ‡¸ US,,2025-10-17 00:47:52 +0000,62,0,34,51,191
Chrono Countdown,6743369111,iphone,events countdown tracker,us,ğŸ‡ºğŸ‡¸ US,,2025-10-17 00:47:53 +0000,84,0,5,53,223
Chrono Countdown,6743369111,iphone,countdown ap,us,ğŸ‡ºğŸ‡¸ US,,2025-10-17 00:47:55 +0000,1000,0,5,55,225
Chrono Countdown,6743369111,iphone,coundown calendar free,us,ğŸ‡ºğŸ‡¸ US,,2025-10-17 00:47:56 +0000,218,0,5,59,239
Chrono Countdown,6743369111,iphone,fun countdown,us,ğŸ‡ºğŸ‡¸ US,,2025-10-17 00:47:57 +0000,1000,0,5,54,211
Chrono Countdown,6743369111,iphone,shareable countdown,us,ğŸ‡ºğŸ‡¸ US,,2025-10-17 00:47:59 +0000,1000,0,5,55,222
Chrono Countdown,6743369111,iphone,instagram countdown,us,ğŸ‡ºğŸ‡¸ US,,2025-10-17 00:48:01 +0000,1000,0,5,54,195
Chrono Countdown,6743369111,iphone,free countdown calendar,us,ğŸ‡ºğŸ‡¸ US,,2025-10-17 00:48:03 +0000,158,0,5,54,234
Chrono Countdown,6743369111,iphone,tracking milestones,us,ğŸ‡ºğŸ‡¸ US,,2025-10-17 00:48:04 +0000,1000,0,5,44,230
Chrono Countdown,6743369111,iphone,countdown to your next event with free timer,us,ğŸ‡ºğŸ‡¸ US,,2025-10-17 00:48:05 +0000,87,0,5,53,212
Chrono Countdown,6743369111,iphone,countdown birthday,us,ğŸ‡ºğŸ‡¸ US,,2025-10-17 00:48:07 +0000,1000,0,5,54,219
Chrono Countdown,6743369111,iphone,simple countdown,us,ğŸ‡ºğŸ‡¸ US,,2025-10-17 00:48:08 +0000,1000,0,5,54,214
Chrono Countdown,6743369111,iphone,nerwegian countdown,us,ğŸ‡ºğŸ‡¸ US,,2025-10-17 00:48:10 +0000,1000,0,5,52,193
Chrono Countdown,6743369111,iphone,festive event countdown,us,ğŸ‡ºğŸ‡¸ US,,2025-10-17 00:48:11 +0000,1000,0,5,54,202
Chrono Countdown,6743369111,iphone,event countdown - calendar app,us,ğŸ‡ºğŸ‡¸ US,,2025-10-17 00:48:12 +0000,173,0,5,55,222
Chrono Countdown,6743369111,iphone,countdown tracker,us,ğŸ‡ºğŸ‡¸ US,,2025-10-17 00:48:14 +0000,119,0,5,54,228
Chrono Countdown,6743369111,iphone,countdown birthday reminder,us,ğŸ‡ºğŸ‡¸ US,,2025-10-17 00:48:15 +0000,1000,0,5,49,208
Chrono Countdown,6743369111,iphone,track birthdays,us,ğŸ‡ºğŸ‡¸ US,,2025-10-17 00:48:16 +0000,1000,0,5,46,206
Chrono Countdown,6743369111,iphone,countdown tracking,us,ğŸ‡ºğŸ‡¸ US,,2025-10-17 00:48:18 +0000,1000,0,5,53,226
Chrono Countdown,6743369111,iphone,event countdown reminder,us,ğŸ‡ºğŸ‡¸ US,,2025-10-17 00:48:19 +0000,100,0,5,54,211
Chrono Countdown,6743369111,iphone,event reminders birthday,us,ğŸ‡ºğŸ‡¸ US,,2025-10-17 00:48:20 +0000,121,0,5,47,198
Chrono Countdown,6743369111,iphone,prom countdown,us,ğŸ‡ºğŸ‡¸ US,,2025-10-17 00:48:22 +0000,1000,0,5,54,212
Chrono Countdown,6743369111,iphone,crono,us,ğŸ‡ºğŸ‡¸ US,,2025-10-17 00:48:23 +0000,1000,0,19,93,178
Chrono Countdown,6743369111,iphone,event countdown calendar app,us,ğŸ‡ºğŸ‡¸ US,,2025-10-17 00:48:24 +0000,136,0,5,54,213
Chrono Countdown,6743369111,iphone,lifetime countdown,us,ğŸ‡ºğŸ‡¸ US,,2025-10-17 00:48:27 +0000,1000,0,5,53,211
Chrono Countdown,6743369111,iphone,countdown events,us,ğŸ‡ºğŸ‡¸ US,,2025-10-17 00:48:28 +0000,82,0,5,55,206
Chrono Countdown,6743369111,iphone,personalized countdown app,us,ğŸ‡ºğŸ‡¸ US,,2025-10-17 00:48:29 +0000,1000,0,5,53,213
Chrono Countdown,6743369111,iphone,countdown to birthday,us,ğŸ‡ºğŸ‡¸ US,,2025-10-17 00:48:32 +0000,1000,0,5,53,217
Chrono Countdown,6743369111,iphone,efficient event countdown and reminder app,us,ğŸ‡ºğŸ‡¸ US,,2025-10-17 00:48:33 +0000,1000,0,5,50,188
Chrono Countdown,6743369111,iphone,timer birthday,us,ğŸ‡ºğŸ‡¸ US,,2025-10-17 00:48:34 +0000,102,0,5,47,204
Chrono Countdown,6743369111,iphone,timer countdown,us,ğŸ‡ºğŸ‡¸ US,,2025-10-17 00:49:30 +0000,1000,0,5,77,214
Chrono Countdown,6743369111,iphone,team countdown,us,ğŸ‡ºğŸ‡¸ US,,2025-10-17 00:49:32 +0000,1000,0,5,75,212
Chrono Countdown,6743369111,iphone,special event countdown,us,ğŸ‡ºğŸ‡¸ US,,2025-10-17 00:49:32 +0000,1000,0,5,53,203
Chrono Countdown,6743369111,iphone,trip countdown,us,ğŸ‡ºğŸ‡¸ US,,2025-10-17 00:49:33 +0000,206,0,24,76,230
Chrono Countdown,6743369111,iphone,free event countdown,us,ğŸ‡ºğŸ‡¸ US,,2025-10-17 00:49:34 +0000,68,0,5,55,241
Chrono Countdown,6743369111,iphone,visual countdown for toddlers,us,ğŸ‡ºğŸ‡¸ US,,2025-10-17 00:49:34 +0000,1000,0,5,66,205
Chrono Countdown,6743369111,iphone,visual timer: count down,us,ğŸ‡ºğŸ‡¸ US,,2025-10-17 00:49:35 +0000,1000,0,5,68,195
Chrono Countdown,6743369111,iphone,time since event,us,ğŸ‡ºğŸ‡¸ US,,2025-10-17 00:49:36 +0000,36,0,5,21,210
Chrono Countdown,6743369111,iphone,vacation countdown timer,us,ğŸ‡ºğŸ‡¸ US,,2025-10-17 00:49:37 +0000,75,0,5,75,211
Chrono Countdown,6743369111,iphone,facebook countdown,us,ğŸ‡ºğŸ‡¸ US,,2025-10-17 00:49:37 +0000,1000,0,5,54,211
Chrono Countdown,6743369111,iphone,time since event,us,ğŸ‡ºğŸ‡¸ US,,2025-10-17 00:49:38 +0000,36,0,5,21,210
Chrono Countdown,6743369111,iphone,upcoming birthday countdown lock screen widget,us,ğŸ‡ºğŸ‡¸ US,,2025-10-17 00:49:38 +0000,1000,0,5,72,221
Chrono Countdown,6743369111,iphone,time until event,us,ğŸ‡ºğŸ‡¸ US,,2025-10-17 00:49:38 +0000,40,0,5,65,204
Chrono Countdown,6743369111,iphone,vacation countdown app,us,ğŸ‡ºğŸ‡¸ US,,2025-10-17 00:49:39 +0000,1000,0,5,74,226
Chrono Countdown,6743369111,iphone,trip date countdown,us,ğŸ‡ºğŸ‡¸ US,,2025-10-17 00:49:39 +0000,142,0,5,77,214
Chrono Countdown,6743369111,iphone,events countdown,us,ğŸ‡ºğŸ‡¸ US,,2025-10-17 00:49:40 +0000,71,0,5,55,203
Chrono Countdown,6743369111,iphone,trip countdown app,us,ğŸ‡ºğŸ‡¸ US,,2025-10-17 00:49:41 +0000,1000,0,5,78,230
Chrono Countdown,6743369111,iphone,work countdown,us,ğŸ‡ºğŸ‡¸ US,,2025-10-17 00:49:41 +0000,1000,0,5,72,219
Chrono Countdown,6743369111,iphone,countdown event tracker,us,ğŸ‡ºğŸ‡¸ US,,2025-10-17 00:49:41 +0000,70,0,5,53,209
Chrono Countdown,6743369111,iphone,special day countdown,us,ğŸ‡ºğŸ‡¸ US,,2025-10-17 00:49:42 +0000,1000,0,5,78,215
Chrono Countdown,6743369111,iphone,trip countdown widget,us,ğŸ‡ºğŸ‡¸ US,,2025-10-17 00:49:42 +0000,146,0,5,73,217
Chrono Countdown,6743369111,iphone,visual countdown timer,us,ğŸ‡ºğŸ‡¸ US,,2025-10-17 00:49:42 +0000,1000,0,21,61,204
Chrono Countdown,6743369111,iphone,special dates event reminder,us,ğŸ‡ºğŸ‡¸ US,,2025-10-17 00:49:42 +0000,88,0,5,65,207
Chrono Countdown,6743369111,iphone,visual timer: count down,us,ğŸ‡ºğŸ‡¸ US,,2025-10-17 00:49:43 +0000,1000,0,5,68,195
Chrono Countdown,6743369111,iphone,vacation countdown iphone,us,ğŸ‡ºğŸ‡¸ US,,2025-10-17 00:49:43 +0000,218,0,5,76,223
Chrono Countdown,6743369111,iphone,upcoming birthday countdown lock screen widget,us,ğŸ‡ºğŸ‡¸ US,,2025-10-17 00:49:43 +0000,1000,0,5,72,221
Chrono Countdown,6743369111,iphone,travel countdown,us,ğŸ‡ºğŸ‡¸ US,,2025-10-17 00:49:44 +0000,1000,0,18,74,226
Chrono Countdown,6743369111,iphone,work countdown,us,ğŸ‡ºğŸ‡¸ US,,2025-10-17 00:49:44 +0000,1000,0,5,72,219
Chrono Countdown,6743369111,iphone,trip countdown widget,us,ğŸ‡ºğŸ‡¸ US,,2025-10-17 00:49:44 +0000,146,0,5,73,217
Chrono Countdown,6743369111,iphone,travel countdown,us,ğŸ‡ºğŸ‡¸ US,,2025-10-17 00:49:45 +0000,1000,0,18,74,226
Chrono Countdown,6743369111,iphone,vacation countdown iphone,us,ğŸ‡ºğŸ‡¸ US,,2025-10-17 00:49:45 +0000,218,0,5,76,223
Chrono Countdown,6743369111,iphone,upcoming event countdown,us,ğŸ‡ºğŸ‡¸ US,,2025-10-17 00:49:45 +0000,1000,0,5,73,217
Chrono Countdown,6743369111,iphone,vacation countdown timer,us,ğŸ‡ºğŸ‡¸ US,,2025-10-17 00:49:46 +0000,75,0,5,75,211
Chrono Countdown,6743369111,iphone,trip countdown widget,us,ğŸ‡ºğŸ‡¸ US,,2025-10-17 00:49:46 +0000,146,0,5,73,217
Chrono Countdown,6743369111,iphone,trip countdown,us,ğŸ‡ºğŸ‡¸ US,,2025-10-17 00:49:46 +0000,206,0,24,76,230
Chrono Countdown,6743369111,iphone,special dates event reminder,us,ğŸ‡ºğŸ‡¸ US,,2025-10-17 00:49:46 +0000,88,0,5,65,207
Chrono Countdown,6743369111,iphone,birthday countdown,us,ğŸ‡ºğŸ‡¸ US,,2025-10-17 00:49:47 +0000,1000,0,56,51,221
Chrono Countdown,6743369111,iphone,time left to event,us,ğŸ‡ºğŸ‡¸ US,,2025-10-17 00:49:47 +0000,22,0,5,50,214
Chrono Countdown,6743369111,iphone,trip date countdown,us,ğŸ‡ºğŸ‡¸ US,,2025-10-17 00:49:47 +0000,142,0,5,77,214
Chrono Countdown,6743369111,iphone,time until event,us,ğŸ‡ºğŸ‡¸ US,,2025-10-17 00:49:48 +0000,40,0,5,65,204
Chrono Countdown,6743369111,iphone,special dates event reminder,us,ğŸ‡ºğŸ‡¸ US,,2025-10-17 00:49:48 +0000,88,0,5,65,207
Chrono Countdown,6743369111,iphone,timer countdown,us,ğŸ‡ºğŸ‡¸ US,,2025-10-17 00:49:48 +0000,1000,0,5,77,214
Chrono Countdown,6743369111,iphone,vacation countdown timer,us,ğŸ‡ºğŸ‡¸ US,,2025-10-17 00:49:49 +0000,75,0,5,75,211
Chrono Countdown,6743369111,iphone,upcoming event countdown,us,ğŸ‡ºğŸ‡¸ US,,2025-10-17 00:49:49 +0000,1000,0,5,73,217
Chrono Countdown,6743369111,iphone,visual timer: count down,us,ğŸ‡ºğŸ‡¸ US,,2025-10-17 00:49:49 +0000,1000,0,5,68,195
Chrono Countdown,6743369111,iphone,datestamper,us,ğŸ‡ºğŸ‡¸ US,,2025-10-17 00:49:50 +0000,1000,0,21,46,222
Chrono Countdown,6743369111,iphone,timer organizer,us,ğŸ‡ºğŸ‡¸ US,,2025-10-17 00:49:50 +0000,1000,0,5,66,195
Chrono Countdown,6743369111,iphone,visual countdown timer,us,ğŸ‡ºğŸ‡¸ US,,2025-10-17 00:49:50 +0000,1000,0,21,61,204
Chrono Countdown,6743369111,iphone,timer calendar,us,ğŸ‡ºğŸ‡¸ US,,2025-10-17 00:49:50 +0000,88,0,5,69,203
Chrono Countdown,6743369111,iphone,vacation countdown iphone,us,ğŸ‡ºğŸ‡¸ US,,2025-10-17 00:49:51 +0000,218,0,5,76,223
Chrono Countdown,6743369111,iphone,countdown free,us,ğŸ‡ºğŸ‡¸ US,,2025-10-17 00:49:51 +0000,1000,0,25,55,234
Chrono Countdown,6743369111,iphone,trip countdown,us,ğŸ‡ºğŸ‡¸ US,,2025-10-17 00:49:51 +0000,206,0,24,76,230
Chrono Countdown,6743369111,iphone,trip countdown app,us,ğŸ‡ºğŸ‡¸ US,,2025-10-17 00:49:52 +0000,1000,0,5,78,230
Chrono Countdown,6743369111,iphone,visual countdown timer,us,ğŸ‡ºğŸ‡¸ US,,2025-10-17 00:49:52 +0000,1000,0,21,61,204
Chrono Countdown,6743369111,iphone,expiration date tracker,us,ğŸ‡ºğŸ‡¸ US,,2025-10-17 00:49:59 +0000,1000,0,5,45,223
Chrono Countdown,6743369111,iphone,the countdown app free,us,ğŸ‡ºğŸ‡¸ US,,2025-10-17 00:49:58 +0000,1000,0,29,55,239
Chrono Countdown,6743369111,iphone,countdown,us,ğŸ‡ºğŸ‡¸ US,,2025-10-17 00:49:56 +0000,1000,0,69,64,205
Chrono Countdown,6743369111,iphone,free countdown,us,ğŸ‡ºğŸ‡¸ US,,2025-10-17 00:49:55 +0000,1000,0,16,55,246
Chrono Countdown,6743369111,iphone,time since event,us,ğŸ‡ºğŸ‡¸ US,,2025-10-17 00:49:52 +0000,36,0,5,21,210
Chrono Countdown,6743369111,iphone,time until event,us,ğŸ‡ºğŸ‡¸ US,,2025-10-17 00:49:52 +0000,40,0,5,65,204
Chrono Countdown,6743369111,iphone,upcoming event countdown with custom lock screen widget,us,ğŸ‡ºğŸ‡¸ US,,2025-10-17 00:49:52 +0000,1000,0,5,75,220
Chrono Countdown,6743369111,iphone,team countdown,us,ğŸ‡ºğŸ‡¸ US,,2025-10-17 00:49:51 +0000,1000,0,5,75,212
Chrono Countdown,6743369111,iphone,trip countdown app,us,ğŸ‡ºğŸ‡¸ US,,2025-10-17 00:49:51 +0000,1000,0,5,78,230
Chrono Countdown,6743369111,iphone,visual timer: count down,us,ğŸ‡ºğŸ‡¸ US,,2025-10-17 00:49:51 +0000,1000,0,5,68,195
Chrono Countdown,6743369111,iphone,timer calendar,us,ğŸ‡ºğŸ‡¸ US,,2025-10-17 00:49:51 +0000,88,0,5,69,203
Chrono Countdown,6743369111,iphone,trip date countdown,us,ğŸ‡ºğŸ‡¸ US,,2025-10-17 00:49:50 +0000,142,0,5,77,214
Chrono Countdown,6743369111,iphone,team event countdown,us,ğŸ‡ºğŸ‡¸ US,,2025-10-17 00:49:50 +0000,211,0,5,72,212
Chrono Countdown,6743369111,iphone,upcoming birthday countdown lock screen widget,us,ğŸ‡ºğŸ‡¸ US,,2025-10-17 00:49:50 +0000,1000,0,5,72,221
Chrono Countdown,6743369111,iphone,vacation countdown app,us,ğŸ‡ºğŸ‡¸ US,,2025-10-17 00:49:50 +0000,210,0,5,74,228
Chrono Countdown,6743369111,iphone,special day countdown,us,ğŸ‡ºğŸ‡¸ US,,2025-10-17 00:49:49 +0000,1000,0,5,78,215
Chrono Countdown,6743369111,iphone,the countdown,us,ğŸ‡ºğŸ‡¸ US,,2025-10-17 00:49:49 +0000,1000,0,15,70,215
Chrono Countdown,6743369111,iphone,time left to event,us,ğŸ‡ºğŸ‡¸ US,,2025-10-17 00:49:49 +0000,22,0,5,50,214
Chrono Countdown,6743369111,iphone,upcoming event countdown with custom lock screen widget,us,ğŸ‡ºğŸ‡¸ US,,2025-10-17 00:49:49 +0000,1000,0,5,75,220
Chrono Countdown,6743369111,iphone,count down,us,ğŸ‡ºğŸ‡¸ US,,2025-10-17 00:49:48 +0000,1000,0,35,53,206
Chrono Countdown,6743369111,iphone,timer countdown,us,ğŸ‡ºğŸ‡¸ US,,2025-10-17 00:49:48 +0000,1000,0,5,77,214
Chrono Countdown,6743369111,iphone,vacation countdown app,us,ğŸ‡ºğŸ‡¸ US,,2025-10-17 00:49:48 +0000,210,0,5,74,228
Chrono Countdown,6743369111,iphone,timer organizer,us,ğŸ‡ºğŸ‡¸ US,,2025-10-17 00:49:48 +0000,1000,0,5,66,195
Chrono Countdown,6743369111,iphone,trip countdown,us,ğŸ‡ºğŸ‡¸ US,,2025-10-17 00:49:47 +0000,128,0,26,65,212
Chrono Countdown,6743369111,iphone,visual countdown for toddlers,us,ğŸ‡ºğŸ‡¸ US,,2025-10-17 00:49:47 +0000,1000,0,5,66,205
Chrono Countdown,6743369111,iphone,the countdown,us,ğŸ‡ºğŸ‡¸ US,,2025-10-17 00:49:47 +0000,1000,0,15,70,215
Chrono Countdown,6743369111,iphone,work countdown,us,ğŸ‡ºğŸ‡¸ US,,2025-10-17 00:49:47 +0000,1000,0,5,72,219
Chrono Countdown,6743369111,iphone,special day countdown,us,ğŸ‡ºğŸ‡¸ US,,2025-10-17 00:49:46 +0000,1000,0,5,78,215
Chrono Countdown,6743369111,iphone,trip countdown,us,ğŸ‡ºğŸ‡¸ US,,2025-10-17 00:49:46 +0000,128,0,26,65,212
Chrono Countdown,6743369111,iphone,team event countdown,us,ğŸ‡ºğŸ‡¸ US,,2025-10-17 00:49:46 +0000,211,0,5,72,212
Chrono Countdown,6743369111,iphone,time since event,us,ğŸ‡ºğŸ‡¸ US,,2025-10-17 00:49:45 +0000,36,0,5,21,210
Chrono Countdown,6743369111,iphone,visual countdown for toddlers,us,ğŸ‡ºğŸ‡¸ US,,2025-10-17 00:49:45 +0000,1000,0,5,66,205
Chrono Countdown,6743369111,iphone,team countdown,us,ğŸ‡ºğŸ‡¸ US,,2025-10-17 00:49:45 +0000,1000,0,5,75,212
Chrono Countdown,6743369111,iphone,travel countdown,us,ğŸ‡ºğŸ‡¸ US,,2025-10-17 00:49:45 +0000,1000,0,18,74,226
Chrono Countdown,6743369111,iphone,upcoming event countdown with custom lock screen widget,us,ğŸ‡ºğŸ‡¸ US,,2025-10-17 00:49:44 +0000,1000,0,5,75,220
Chrono Countdown,6743369111,iphone,trip countdown,us,ğŸ‡ºğŸ‡¸ US,,2025-10-17 00:49:44 +0000,206,0,24,76,230
Chrono Countdown,6743369111,iphone,trip countdown widget,us,ğŸ‡ºğŸ‡¸ US,,2025-10-17 00:49:44 +0000,146,0,5,73,217
Chrono Countdown,6743369111,iphone,vacation countdown timer,us,ğŸ‡ºğŸ‡¸ US,,2025-10-17 00:49:43 +0000,75,0,5,75,211
Chrono Countdown,6743369111,iphone,timer organizer,us,ğŸ‡ºğŸ‡¸ US,,2025-10-17 00:49:43 +0000,1000,0,5,66,195
Chrono Countdown,6743369111,iphone,calendar count down,us,ğŸ‡ºğŸ‡¸ US,,2025-10-17 00:49:43 +0000,1000,0,5,55,218
Chrono Countdown,6743369111,iphone,trip countdown,us,ğŸ‡ºğŸ‡¸ US,,2025-10-17 00:49:43 +0000,128,0,26,65,212
Chrono Countdown,6743369111,iphone,team countdown,us,ğŸ‡ºğŸ‡¸ US,,2025-10-17 00:49:42 +0000,1000,0,5,75,212
Chrono Countdown,6743369111,iphone,time left to event,us,ğŸ‡ºğŸ‡¸ US,,2025-10-17 00:49:42 +0000,22,0,5,50,214
Chrono Countdown,6743369111,iphone,upcoming birthday countdown lock screen widget,us,ğŸ‡ºğŸ‡¸ US,,2025-10-17 00:49:42 +0000,1000,0,5,72,221
Chrono Countdown,6743369111,iphone,timer countdown,us,ğŸ‡ºğŸ‡¸ US,,2025-10-17 00:49:41 +0000,1000,0,5,77,214
Chrono Countdown,6743369111,iphone,timer calendar,us,ğŸ‡ºğŸ‡¸ US,,2025-10-17 00:49:41 +0000,88,0,5,69,203
Chrono Countdown,6743369111,iphone,timer calendar,us,ğŸ‡ºğŸ‡¸ US,,2025-10-17 00:49:41 +0000,88,0,5,69,203
Chrono Countdown,6743369111,iphone,upcoming event countdown,us,ğŸ‡ºğŸ‡¸ US,,2025-10-17 00:49:41 +0000,1000,0,5,73,217
Chrono Countdown,6743369111,iphone,upcoming event countdown,us,ğŸ‡ºğŸ‡¸ US,,2025-10-17 00:49:40 +0000,1000,0,5,73,217
Chrono Countdown,6743369111,iphone,visual countdown for toddlers,us,ğŸ‡ºğŸ‡¸ US,,2025-10-17 00:49:40 +0000,1000,0,5,66,205
Chrono Countdown,6743369111,iphone,vacation countdown iphone,us,ğŸ‡ºğŸ‡¸ US,,2025-10-17 00:49:39 +0000,218,0,5,76,223
Chrono Countdown,6743369111,iphone,team event countdown,us,ğŸ‡ºğŸ‡¸ US,,2025-10-17 00:49:39 +0000,211,0,5,72,212
Chrono Countdown,6743369111,iphone,free countdown timer for every event on your lock screen,us,ğŸ‡ºğŸ‡¸ US,,2025-10-17 00:49:39 +0000,1000,0,5,54,217
Chrono Countdown,6743369111,iphone,special dates event reminder,us,ğŸ‡ºğŸ‡¸ US,,2025-10-17 00:49:38 +0000,88,0,5,65,207
Chrono Countdown,6743369111,iphone,special day countdown,us,ğŸ‡ºğŸ‡¸ US,,2025-10-17 00:49:38 +0000,1000,0,5,78,215
Chrono Countdown,6743369111,iphone,visual countdown timer,us,ğŸ‡ºğŸ‡¸ US,,2025-10-17 00:49:38 +0000,1000,0,21,61,204
Chrono Countdown,6743369111,iphone,time until event,us,ğŸ‡ºğŸ‡¸ US,,2025-10-17 00:49:38 +0000,40,0,5,65,204
Chrono Countdown,6743369111,iphone,work countdown,us,ğŸ‡ºğŸ‡¸ US,,2025-10-17 00:49:37 +0000,1000,0,5,72,219
Chrono Countdown,6743369111,iphone,trip date countdown,us,ğŸ‡ºğŸ‡¸ US,,2025-10-17 00:49:37 +0000,142,0,5,77,214
Chrono Countdown,6743369111,iphone,the countdown,us,ğŸ‡ºğŸ‡¸ US,,2025-10-17 00:49:36 +0000,1000,0,15,70,215
Chrono Countdown,6743369111,iphone,share countdown,us,ğŸ‡ºğŸ‡¸ US,,2025-10-17 00:49:36 +0000,1000,0,5,54,210
Chrono Countdown,6743369111,iphone,time left to event,us,ğŸ‡ºğŸ‡¸ US,,2025-10-17 00:49:36 +0000,22,0,5,50,214
Chrono Countdown,6743369111,iphone,vacation countdown app,us,ğŸ‡ºğŸ‡¸ US,,2025-10-17 00:49:34 +0000,210,0,5,74,228
Chrono Countdown,6743369111,iphone,team event countdown,us,ğŸ‡ºğŸ‡¸ US,,2025-10-17 00:49:34 +0000,211,0,5,72,212
Chrono Countdown,6743369111,iphone,the countdown,us,ğŸ‡ºğŸ‡¸ US,,2025-10-17 00:49:33 +0000,1000,0,15,70,215
Chrono Countdown,6743369111,iphone,upcoming event countdown with custom lock screen widget,us,ğŸ‡ºğŸ‡¸ US,,2025-10-17 00:49:33 +0000,1000,0,5,75,220
Chrono Countdown,6743369111,iphone,trip countdown,us,ğŸ‡ºğŸ‡¸ US,,2025-10-17 00:49:33 +0000,128,0,26,65,212
Chrono Countdown,6743369111,iphone,timer organizer,us,ğŸ‡ºğŸ‡¸ US,,2025-10-17 00:49:32 +0000,1000,0,5,66,195
Chrono Countdown,6743369111,iphone,travel countdown,us,ğŸ‡ºğŸ‡¸ US,,2025-10-17 00:49:32 +0000,1000,0,18,74,226
Chrono Countdown,6743369111,iphone,reminders countdown,us,ğŸ‡ºğŸ‡¸ US,,2025-10-17 00:49:31 +0000,1000,0,5,50,224
Chrono Countdown,6743369111,iphone,trip countdown app,us,ğŸ‡ºğŸ‡¸ US,,2025-10-17 00:49:30 +0000,1000,0,5,78,230
Chrono Countdown,6743369111,iphone,countdown maker,us,ğŸ‡ºğŸ‡¸ US,,2025-10-17 00:49:29 +0000,1000,0,5,54,219
Chrono Countdown,6743369111,iphone,graduation countdown,us,ğŸ‡ºğŸ‡¸ US,,2025-10-17 00:49:28 +0000,1000,0,14,54,217
Chrono Countdown,6743369111,iphone,free graduation countdown,us,ğŸ‡ºğŸ‡¸ US,,2025-10-17 00:49:26 +0000,1000,0,5,55,236
Chrono Countdown,6743369111,iphone,holiday countdown,us,ğŸ‡ºğŸ‡¸ US,,2025-10-17 00:49:25 +0000,1000,0,5,54,205
Chrono Countdown,6743369111,iphone,countdown reminders,us,ğŸ‡ºğŸ‡¸ US,,2025-10-17 00:49:24 +0000,1000,0,5,51,224
Chrono Countdown,6743369111,iphone,customizable countdown,us,ğŸ‡ºğŸ‡¸ US,,2025-10-17 00:49:22 +0000,1000,0,5,54,224
Chrono Countdown,6743369111,iphone,retirement countdown free,us,ğŸ‡ºğŸ‡¸ US,,2025-10-17 00:49:21 +0000,1000,0,5,53,234
Chrono Countdown,6743369111,iphone,visual countdown app,us,ğŸ‡ºğŸ‡¸ US,,2025-10-17 00:49:20 +0000,1000,0,5,53,216
Chrono Countdown,6743369111,iphone,fast countdown,us,ğŸ‡ºğŸ‡¸ US,,2025-10-17 00:49:18 +0000,1000,0,5,54,204
Chrono Countdown,6743369111,iphone,special dates countdown clock,us,ğŸ‡ºğŸ‡¸ US,,2025-10-17 00:49:17 +0000,1000,0,5,53,203
Chrono Countdown,6743369111,iphone,holiday countdown calendar,us,ğŸ‡ºğŸ‡¸ US,,2025-10-17 00:49:16 +0000,1000,0,5,55,206
Chrono Countdown,6743369111,iphone,shareable countdown app,us,ğŸ‡ºğŸ‡¸ US,,2025-10-17 00:49:14 +0000,1000,0,5,55,221
Chrono Countdown,6743369111,iphone,countdown to events,us,ğŸ‡ºğŸ‡¸ US,,2025-10-17 00:49:12 +0000,179,0,5,54,211
Chrono Countdown,6743369111,iphone,iphone countdown app,us,ğŸ‡ºğŸ‡¸ US,,2025-10-17 00:49:11 +0000,1000,0,5,55,214
Chrono Countdown,6743369111,iphone,free vacation countdown,us,ğŸ‡ºğŸ‡¸ US,,2025-10-17 00:49:10 +0000,127,0,5,54,239
Chrono Countdown,6743369111,iphone,multiple countdowns,us,ğŸ‡ºğŸ‡¸ US,,2025-10-17 00:49:08 +0000,1000,0,5,55,219
Chrono Countdown,6743369111,iphone,personalized countdown,us,ğŸ‡ºğŸ‡¸ US,,2025-10-17 00:49:07 +0000,1000,0,5,53,214
Chrono Countdown,6743369111,iphone,countdown screen,us,ğŸ‡ºğŸ‡¸ US,,2025-10-17 00:49:05 +0000,1000,0,5,54,219
Chrono Countdown,6743369111,iphone,little countdown,us,ğŸ‡ºğŸ‡¸ US,,2025-10-17 00:49:04 +0000,1000,0,5,53,218
Chrono Countdown,6743369111,iphone,event countdown timer,us,ğŸ‡ºğŸ‡¸ US,,2025-10-17 00:49:03 +0000,39,0,5,53,210
Chrono Countdown,6743369111,iphone,countdown shareable,us,ğŸ‡ºğŸ‡¸ US,,2025-10-17 00:49:01 +0000,1000,0,5,54,218
Chrono Countdown,6743369111,iphone,visual countdown,us,ğŸ‡ºğŸ‡¸ US,,2025-10-17 00:49:00 +0000,1000,0,5,53,211
Chrono Countdown,6743369111,iphone,countdown retirement,us,ğŸ‡ºğŸ‡¸ US,,2025-10-17 00:48:58 +0000,1000,0,5,52,214
Chrono Countdown,6743369111,iphone,deadlines,us,ğŸ‡ºğŸ‡¸ US,,2025-10-17 00:48:57 +0000,1000,0,5,61,203
Chrono Countdown,6743369111,iphone,countdown to event,us,ğŸ‡ºğŸ‡¸ US,,2025-10-17 00:48:56 +0000,150,0,5,54,210
Chrono Countdown,6743369111,iphone,deadline countdown,us,ğŸ‡ºğŸ‡¸ US,,2025-10-17 00:48:54 +0000,94,0,5,54,216
Chrono Countdown,6743369111,iphone,reminder & countdown,us,ğŸ‡ºğŸ‡¸ US,,2025-10-17 00:48:53 +0000,1000,0,5,50,226
Chrono Countdown,6743369111,iphone,holiday countdown app,us,ğŸ‡ºğŸ‡¸ US,,2025-10-17 00:48:50 +0000,1000,0,5,54,217
Chrono Countdown,6743369111,iphone,deadline reminder,us,ğŸ‡ºğŸ‡¸ US,,2025-10-17 00:48:49 +0000,1000,0,5,47,200
Chrono Countdown,6743369111,iphone,countdown event big day countdowns,us,ğŸ‡ºğŸ‡¸ US,,2025-10-17 00:48:47 +0000,1000,0,5,53,206
Chrono Countdown,6743369111,iphone,deadline tracker,us,ğŸ‡ºğŸ‡¸ US,,2025-10-17 00:48:45 +0000,169,0,5,49,221
Chrono Countdown,6743369111,iphone,calendar event countdown,us,ğŸ‡ºğŸ‡¸ US,,2025-10-17 00:48:44 +0000,85,0,5,54,199
Chrono Countdown,6743369111,iphone,home screen countdown,us,ğŸ‡ºğŸ‡¸ US,,2025-10-17 00:48:42 +0000,1000,0,5,54,220
Chrono Countdown,6743369111,iphone,datestamp,us,ğŸ‡ºğŸ‡¸ US,,2025-10-17 00:48:41 +0000,1000,0,5,47,230
Chrono Countdown,6743369111,iphone,event countdown tracker,us,ğŸ‡ºğŸ‡¸ US,,2025-10-17 00:48:40 +0000,69,0,5,49,216
Chrono Countdown,6743369111,iphone,calander countdown,us,ğŸ‡ºğŸ‡¸ US,,2025-10-17 00:48:38 +0000,143,0,5,55,216
Chrono Countdown,6743369111,iphone,countdown reminder,us,ğŸ‡ºğŸ‡¸ US,,2025-10-17 00:48:37 +0000,1000,0,5,55,222
Chrono Countdown,6743369111,iphone,free countdown timer for birthdays and events,us,ğŸ‡ºğŸ‡¸ US,,2025-10-17 00:48:36 +0000,107,0,5,53,202
